trial_id,frame_index,t_sec,stage,hand_target_x_m,hand_target_y_m,hand_target_z_m,pick_x_m,pick_y_m,pick_z_m,place_x_m,place_y_m,place_z_m,object_x_m,object_y_m,object_z_m,wall_time
1,0,0.0,approach_pick,0.0,0.0,-0.8,0.0,0.0,-0.9,0.2,0.0,-0.9,0.0,0.0,-0.9999999999999999,0.00934290885925293
1,1,0.03333333333333333,approach_pick,0.0,0.0,-0.8066666666666666,0.0,0.0,-0.9,0.2,0.0,-0.9,0.0,0.0,-0.9999999999999999,0.01605963706970215
1,2,0.06666666666666667,approach_pick,0.0,0.0,-0.8133333333333334,0.0,0.0,-0.9,0.2,0.0,-0.9,0.0,0.0,-0.9999999999999999,0.023144960403442383
1,3,0.1,approach_pick,0.0,0.0,-0.8200000000000002,0.0,0.0,-0.9,0.2,0.0,-0.9,0.0,0.0,-0.9999999999999999,0.03011918067932129
1,4,0.13333333333333333,approach_pick,0.0,0.0,-0.8266666666666668,0.0,0.0,-0.9,0.2,0.0,-0.9,0.0,0.0,-0.9999999999999999,0.0377650260925293
1,5,0.16666666666666666,approach_pick,0.0,0.0,-0.8333333333333335,0.0,0.0,-0.9,0.2,0.0,-0.9,0.0,0.0,-0.9999999999999999,0.045505523681640625
1,6,0.19999999999999998,approach_pick,0.0,0.0,-0.8400000000000001,0.0,0.0,-0.9,0.2,0.0,-0.9,0.0,0.0,-0.9999999999999999,0.05349230766296387
1,7,0.2333333333333333,approach_pick,0.0,0.0,-0.8466666666666667,0.0,0.0,-0.9,0.2,0.0,-0.9,0.0,0.0,-0.9999999999999999,0.059508562088012695
1,8,0.26666666666666666,approach_pick,0.0,0.0,-0.8533333333333333,0.0,0.0,-0.9,0.2,0.0,-0.9,0.0,0.0,-0.9999999999999999,0.0654146671295166
1,9,0.3,approach_pick,0.0,0.0,-0.8600000000000001,0.0,0.0,-0.9,0.2,0.0,-0.9,0.0,0.0,-0.9999999999999999,0.07136344909667969
1,10,0.3333333333333333,approach_pick,0.0,0.0,-0.8666666666666667,0.0,0.0,-0.9,0.2,0.0,-0.9,0.0,0.0,-0.9999999999999999,0.07699394226074219
1,11,0.36666666666666664,approach_pick,0.0,0.0,-0.8733333333333333,0.0,0.0,-0.9,0.2,0.0,-0.9,0.0,0.0,-0.9999999999999999,0.08269309997558594
1,12,0.39999999999999997,approach_pick,0.0,0.0,-0.8800000000000001,0.0,0.0,-0.9,0.2,0.0,-0.9,0.0,0.0,-0.9999999999999999,0.0881645679473877
1,13,0.4333333333333333,approach_pick,0.0,0.0,-0.8866666666666667,0.0,0.0,-0.9,0.2,0.0,-0.9,0.0,0.0,-0.9999999999999999,0.09405231475830078
1,14,0.4666666666666666,approach_pick,0.0,0.0,-0.8933333333333334,0.0,0.0,-0.9,0.2,0.0,-0.9,0.0,0.0,-0.9999999999999999,0.1003427505493164
1,15,0.49999999999999994,grasp_pick,0.0,0.0,-0.9,0.0,0.0,-0.9,0.2,0.0,-0.9,0.0,0.0,-0.9999999999999999,0.10876750946044922
1,16,0.5333333333333333,grasp_pick,0.0,0.0,-0.8999999999999999,0.0,0.0,-0.9,0.2,0.0,-0.9,0.0,0.0,-0.9999999999999999,0.11562061309814453
1,17,0.5666666666666667,grasp_pick,0.0,0.0,-0.9,0.0,0.0,-0.9,0.2,0.0,-0.9,0.0,0.0,-0.9999999999999999,0.12301182746887207
1,18,0.6,grasp_pick,0.0,0.0,-0.9000000000000001,0.0,0.0,-0.9,0.2,0.0,-0.9,0.0,0.0,-0.9999999999999999,0.13086223602294922
1,19,0.6333333333333333,grasp_pick,0.0,0.0,-0.8999999999999999,0.0,0.0,-0.9,0.2,0.0,-0.9,0.0,0.0,-0.9999999999999999,0.13671350479125977
1,20,0.6666666666666666,grasp_pick,0.0,0.0,-0.8999999999999999,0.0,0.0,-0.9,0.2,0.0,-0.9,0.0,0.0,-0.9999999999999999,0.14389300346374512
1,21,0.7,grasp_pick,0.0,0.0,-0.9,0.0,0.0,-0.9,0.2,0.0,-0.9,0.0,0.0,-0.9999999999999999,0.1507713794708252
1,22,0.7333333333333333,grasp_pick,0.0,0.0,-0.9,0.0,0.0,-0.9,0.2,0.0,-0.9,0.0,0.0,-0.9999999999999999,0.15733766555786133
1,23,0.7666666666666666,grasp_pick,0.0,0.0,-0.9,0.0,0.0,-0.9,0.2,0.0,-0.9,0.0,0.0,-0.9999999999999999,0.1646592617034912
1,24,0.7999999999999999,lift,0.0,0.0,-0.9,0.0,0.0,-0.9,0.2,0.0,-0.9,0.0,0.0,-0.9999999999999999,0.1726832389831543
1,25,0.8333333333333333,lift,0.008333333333333333,0.0,-0.8958333333333334,0.0,0.0,-0.9,0.2,0.0,-0.9,0.0,0.0,-0.9999999999999999,0.17893505096435547
1,26,0.8666666666666666,lift,0.016666666666666666,0.0,-0.8916666666666666,0.0,0.0,-0.9,0.2,0.0,-0.9,0.0,0.0,-0.9999999999999999,0.18434429168701172
1,27,0.8999999999999999,lift,0.025,0.0,-0.8875,0.0,0.0,-0.9,0.2,0.0,-0.9,0.0,0.0,-0.9999999999999999,0.19090986251831055
1,28,0.9333333333333332,lift,0.03333333333333333,0.0,-0.8833333333333333,0.0,0.0,-0.9,0.2,0.0,-0.9,0.0,0.0,-0.9999999999999999,0.1969294548034668
1,29,0.9666666666666666,lift,0.04166666666666667,0.0,-0.8791666666666667,0.0,0.0,-0.9,0.2,0.0,-0.9,0.0,0.0,-0.9999999999999999,0.20382475852966309
1,30,0.9999999999999999,lift,0.05,0.0,-0.875,0.0,0.0,-0.9,0.2,0.0,-0.9,0.0,0.0,-0.9999999999999999,0.21079611778259277
1,31,1.0333333333333332,lift,0.05833333333333334,0.0,-0.8708333333333333,0.0,0.0,-0.9,0.2,0.0,-0.9,0.0,0.0,-0.9999999999999999,0.21833157539367676
1,32,1.0666666666666667,lift,0.06666666666666667,0.0,-0.8666666666666667,0.0,0.0,-0.9,0.2,0.0,-0.9,0.0,0.0,-0.9999999999999999,0.22516512870788574
1,33,1.1,lift,0.07500000000000001,0.0,-0.8625,0.0,0.0,-0.9,0.2,0.0,-0.9,0.0,0.0,-0.9999999999999999,0.2338123321533203
1,34,1.1333333333333335,lift,0.08333333333333334,0.0,-0.8583333333333333,0.0,0.0,-0.9,0.2,0.0,-0.9,0.0,0.0,-0.9999999999999999,0.24286127090454102
1,35,1.166666666666667,lift,0.09166666666666667,0.0,-0.8541666666666667,0.0,0.0,-0.9,0.2,0.0,-0.9,0.0,0.0,-0.9999999999999999,0.25180530548095703
1,36,1.2000000000000004,lift,0.1,0.0,-0.8500000000000001,0.0,0.0,-0.9,0.2,0.0,-0.9,0.0,0.0,-0.9999999999999999,0.2591896057128906
1,37,1.2333333333333338,lift,0.10833333333333334,0.0,-0.8458333333333334,0.0,0.0,-0.9,0.2,0.0,-0.9,0.0,0.0,-0.9999999999999999,0.2670154571533203
1,38,1.2666666666666673,lift,0.11666666666666668,0.0,-0.8416666666666668,0.0,0.0,-0.9,0.2,0.0,-0.9,0.0,0.0,-0.9999999999999999,0.2726130485534668
1,39,1.3000000000000007,lift,0.125,0.0,-0.8375,0.0,0.0,-0.9,0.2,0.0,-0.9,0.0,0.0,-0.9999999999999999,0.27819252014160156
1,40,1.3333333333333341,lift,0.13333333333333333,0.0,-0.8333333333333334,0.0,0.0,-0.9,0.2,0.0,-0.9,0.0,0.0,-0.9999999999999999,0.283799409866333
1,41,1.3666666666666676,lift,0.1416666666666667,0.0,-0.8291666666666667,0.0,0.0,-0.9,0.2,0.0,-0.9,0.0,0.0,-0.9999999999999999,0.29039883613586426
1,42,1.400000000000001,lift,0.15000000000000002,0.0,-0.8250000000000001,0.0,0.0,-0.9,0.2,0.0,-0.9,0.0,0.0,-0.9999999999999999,0.2966189384460449
1,43,1.4333333333333345,lift,0.15833333333333333,0.0,-0.8208333333333333,0.0,0.0,-0.9,0.2,0.0,-0.9,0.0,0.0,-0.9999999999999999,0.30226588249206543
1,44,1.466666666666668,lift,0.16666666666666669,0.0,-0.8166666666666667,0.0,0.0,-0.9,0.2,0.0,-0.9,0.0,0.0,-0.9999999999999999,0.30782485008239746
1,45,1.5000000000000013,lift,0.17500000000000002,0.0,-0.8125000000000001,0.0,0.0,-0.9,0.2,0.0,-0.9,0.0,0.0,-0.9999999999999999,0.3153951168060303
1,46,1.5333333333333348,lift,0.18333333333333335,0.0,-0.8083333333333335,0.0,0.0,-0.9,0.2,0.0,-0.9,0.0,0.0,-0.9999999999999999,0.32227563858032227
1,47,1.5666666666666682,lift,0.19166666666666668,0.0,-0.8041666666666667,0.0,0.0,-0.9,0.2,0.0,-0.9,0.0,0.0,-0.9999999999999999,0.3277604579925537
1,48,1.6000000000000016,transfer,0.2,0.0,-0.8,0.0,0.0,-0.9,0.2,0.0,-0.9,0.0,0.0,-0.9999999999999999,0.33421945571899414
1,49,1.633333333333335,transfer,0.2,0.0,-0.8023809523809524,0.0,0.0,-0.9,0.2,0.0,-0.9,0.0,0.0,-0.9999999999999999,0.34171509742736816
1,50,1.6666666666666685,transfer,0.19999999999999998,0.0,-0.8047619047619047,0.0,0.0,-0.9,0.2,0.0,-0.9,0.0,0.0,-0.9999999999999999,0.35164499282836914
1,51,1.700000000000002,transfer,0.2,0.0,-0.8071428571428572,0.0,0.0,-0.9,0.2,0.0,-0.9,0.0,0.0,-0.9999999999999999,0.35950231552124023
1,52,1.7333333333333354,transfer,0.2,0.0,-0.8095238095238096,0.0,0.0,-0.9,0.2,0.0,-0.9,0.0,0.0,-0.9999999999999999,0.36765623092651367
1,53,1.7666666666666688,transfer,0.2,0.0,-0.8119047619047619,0.0,0.0,-0.9,0.2,0.0,-0.9,0.0,0.0,-0.9999999999999999,0.37439489364624023
1,54,1.8000000000000023,transfer,0.20000000000000004,0.0,-0.8142857142857144,0.0,0.0,-0.9,0.2,0.0,-0.9,0.0,0.0,-0.9999999999999999,0.38109731674194336
1,55,1.8333333333333357,transfer,0.2,0.0,-0.8166666666666668,0.0,0.0,-0.9,0.2,0.0,-0.9,0.0,0.0,-0.9999999999999999,0.3874363899230957
1,56,1.8666666666666691,transfer,0.2,0.0,-0.819047619047619,0.0,0.0,-0.9,0.2,0.0,-0.9,0.0,0.0,-0.9999999999999999,0.39356565475463867
1,57,1.9000000000000026,transfer,0.2,0.0,-0.8214285714285714,0.0,0.0,-0.9,0.2,0.0,-0.9,0.0,0.0,-0.9999999999999999,0.4003560543060303
1,58,1.933333333333336,transfer,0.2,0.0,-0.8238095238095239,0.0,0.0,-0.9,0.2,0.0,-0.9,0.0,0.0,-0.9999999999999999,0.406360387802124
1,59,1.9666666666666694,transfer,0.2,0.0,-0.8261904761904763,0.0,0.0,-0.9,0.2,0.0,-0.9,0.0,0.0,-0.9999999999999999,0.41216111183166504
1,60,2.0000000000000027,transfer,0.2,0.0,-0.8285714285714286,0.0,0.0,-0.9,0.2,0.0,-0.9,0.0,0.0,-0.9999999999999999,0.4184386730194092
1,61,2.033333333333336,transfer,0.2,0.0,-0.830952380952381,0.0,0.0,-0.9,0.2,0.0,-0.9,0.0,0.0,-0.9999999999999999,0.4248991012573242
1,62,2.066666666666669,transfer,0.2,0.0,-0.8333333333333335,0.0,0.0,-0.9,0.2,0.0,-0.9,0.0,0.0,-0.9999999999999999,0.43117618560791016
1,63,2.1000000000000023,transfer,0.2,0.0,-0.8357142857142856,0.0,0.0,-0.9,0.2,0.0,-0.9,0.0,0.0,-0.9999999999999999,0.43930864334106445
1,64,2.1333333333333355,transfer,0.2,0.0,-0.8380952380952381,0.0,0.0,-0.9,0.2,0.0,-0.9,0.0,0.0,-0.9999999999999999,0.4496440887451172
1,65,2.1666666666666687,transfer,0.2,0.0,-0.8404761904761906,0.0,0.0,-0.9,0.2,0.0,-0.9,0.0,0.0,-0.9999999999999999,0.45719075202941895
1,66,2.200000000000002,transfer,0.2,0.0,-0.8428571428571427,0.0,0.0,-0.9,0.2,0.0,-0.9,0.0,0.0,-0.9999999999999999,0.46546077728271484
1,67,2.233333333333335,transfer,0.2,0.0,-0.8452380952380953,0.0,0.0,-0.9,0.2,0.0,-0.9,0.0,0.0,-0.9999999999999999,0.47188758850097656
1,68,2.2666666666666684,transfer,0.2,0.0,-0.8476190476190477,0.0,0.0,-0.9,0.2,0.0,-0.9,0.0,0.0,-0.9999999999999999,0.47794365882873535
1,69,2.3000000000000016,transfer,0.2,0.0,-0.8500000000000001,0.0,0.0,-0.9,0.2,0.0,-0.9,0.0,0.0,-0.9999999999999999,0.483400821685791
1,70,2.333333333333335,transfer,0.2,0.0,-0.8523809523809525,0.0,0.0,-0.9,0.2,0.0,-0.9,0.0,0.0,-0.9999999999999999,0.4906320571899414
1,71,2.366666666666668,transfer,0.2,0.0,-0.8547619047619048,0.0,0.0,-0.9,0.2,0.0,-0.9,0.0,0.0,-0.9999999999999999,0.4967210292816162
1,72,2.4000000000000012,transfer,0.2,0.0,-0.8571428571428572,0.0,0.0,-0.9,0.2,0.0,-0.9,0.0,0.0,-0.9999999999999999,0.5020921230316162
1,73,2.4333333333333345,transfer,0.2,0.0,-0.8595238095238096,0.0,0.0,-0.9,0.2,0.0,-0.9,0.0,0.0,-0.9999999999999999,0.5083167552947998
1,74,2.4666666666666677,transfer,0.2,0.0,-0.861904761904762,0.0,0.0,-0.9,0.2,0.0,-0.9,0.0,0.0,-0.9999999999999999,0.5137474536895752
1,75,2.500000000000001,transfer,0.2,0.0,-0.8642857142857143,0.0,0.0,-0.9,0.2,0.0,-0.9,0.0,0.0,-0.9999999999999999,0.518923282623291
1,76,2.533333333333334,transfer,0.2,0.0,-0.8666666666666667,0.0,0.0,-0.9,0.2,0.0,-0.9,0.0,0.0,-0.9999999999999999,0.5259084701538086
1,77,2.5666666666666673,transfer,0.2,0.0,-0.8690476190476191,0.0,0.0,-0.9,0.2,0.0,-0.9,0.0,0.0,-0.9999999999999999,0.5313534736633301
1,78,2.6000000000000005,transfer,0.2,0.0,-0.8714285714285714,0.0,0.0,-0.9,0.2,0.0,-0.9,0.0,0.0,-0.9999999999999999,0.5370934009552002
1,79,2.6333333333333337,transfer,0.2,0.0,-0.8738095238095238,0.0,0.0,-0.9,0.2,0.0,-0.9,0.0,0.0,-0.9999999999999999,0.5440359115600586
1,80,2.666666666666667,transfer,0.2,0.0,-0.8761904761904762,0.0,0.0,-0.9,0.2,0.0,-0.9,0.0,0.0,-0.9999999999999999,0.5521934032440186
1,81,2.7,transfer,0.2,0.0,-0.8785714285714287,0.0,0.0,-0.9,0.2,0.0,-0.9,0.0,0.0,-0.9999999999999999,0.5608620643615723
1,82,2.7333333333333334,transfer,0.2,0.0,-0.880952380952381,0.0,0.0,-0.9,0.2,0.0,-0.9,0.0,0.0,-0.9999999999999999,0.5663843154907227
1,83,2.7666666666666666,transfer,0.2,0.0,-0.8833333333333333,0.0,0.0,-0.9,0.2,0.0,-0.9,0.0,0.0,-0.9999999999999999,0.571441650390625
1,84,2.8,transfer,0.2,0.0,-0.8857142857142857,0.0,0.0,-0.9,0.2,0.0,-0.9,0.0,0.0,-0.9999999999999999,0.5768561363220215
1,85,2.833333333333333,transfer,0.2,0.0,-0.888095238095238,0.0,0.0,-0.9,0.2,0.0,-0.9,0.0,0.0,-0.9999999999999999,0.5833890438079834
1,86,2.8666666666666663,transfer,0.2,0.0,-0.8904761904761904,0.0,0.0,-0.9,0.2,0.0,-0.9,0.0,0.0,-0.9999999999999999,0.59017014503479
1,87,2.8999999999999995,transfer,0.2,0.0,-0.8928571428571429,0.0,0.0,-0.9,0.2,0.0,-0.9,0.0,0.0,-0.9999999999999999,0.5956339836120605
1,88,2.9333333333333327,transfer,0.2,0.0,-0.8952380952380953,0.0,0.0,-0.9,0.2,0.0,-0.9,0.0,0.0,-0.9999999999999999,0.6018984317779541
1,89,2.966666666666666,transfer,0.2,0.0,-0.8976190476190476,0.0,0.0,-0.9,0.2,0.0,-0.9,0.0,0.0,-0.9999999999999999,0.6093859672546387
1,90,2.999999999999999,release,0.2,0.0,-0.9,0.0,0.0,-0.9,0.2,0.0,-0.9,0.0,0.0,-0.9999999999999999,0.6165440082550049
1,91,3.0333333333333323,release,0.2,0.0,-0.9000000000000001,0.0,0.0,-0.9,0.2,0.0,-0.9,0.0,0.0,-0.9999999999999999,0.6248676776885986
1,92,3.0666666666666655,release,0.2,0.0,-0.9,0.0,0.0,-0.9,0.2,0.0,-0.9,0.0,0.0,-0.9999999999999999,0.6311137676239014
1,93,3.0999999999999988,release,0.20000000000000004,0.0,-0.9000000000000001,0.0,0.0,-0.9,0.2,0.0,-0.9,0.0,0.0,-0.9999999999999999,0.637000560760498
1,94,3.133333333333332,release,0.20000000000000004,0.0,-0.9,0.0,0.0,-0.9,0.2,0.0,-0.9,0.0,0.0,-0.9999999999999999,0.6449315547943115
1,95,3.166666666666665,release,0.2,0.0,-0.9000000000000001,0.0,0.0,-0.9,0.2,0.0,-0.9,0.0,0.0,-0.9999999999999999,0.6521956920623779
1,96,3.1999999999999984,release,0.2,0.0,-0.9000000000000001,0.0,0.0,-0.9,0.2,0.0,-0.9,0.0,0.0,-0.9999999999999999,0.6581289768218994
1,97,3.2333333333333316,release,0.2,0.0,-0.9,0.0,0.0,-0.9,0.2,0.0,-0.9,0.0,0.0,-0.9999999999999999,0.6637241840362549
1,98,3.266666666666665,release,0.2,0.0,-0.9,0.0,0.0,-0.9,0.2,0.0,-0.9,0.0,0.0,-0.9999999999999999,0.6697216033935547
1,99,3.299999999999998,release,0.2,0.0,-0.9000000000000001,0.0,0.0,-0.9,0.2,0.0,-0.9,0.0,0.0,-0.9999999999999999,0.6753947734832764
1,100,3.3333333333333313,release,0.2,0.0,-0.9,0.0,0.0,-0.9,0.2,0.0,-0.9,0.0,0.0,-0.9999999999999999,0.681739091873169
1,101,3.3666666666666645,release,0.2,0.0,-0.8999999999999999,0.0,0.0,-0.9,0.2,0.0,-0.9,0.0,0.0,-0.9999999999999999,0.6874251365661621
1,102,3.3999999999999977,release,0.2,0.0,-0.9,0.0,0.0,-0.9,0.2,0.0,-0.9,0.0,0.0,-0.9999999999999999,0.6928575038909912
1,103,3.433333333333331,release,0.2,0.0,-0.9,0.0,0.0,-0.9,0.2,0.0,-0.9,0.0,0.0,-0.9999999999999999,0.6989378929138184
1,104,3.466666666666664,release,0.2,0.0,-0.9,0.0,0.0,-0.9,0.2,0.0,-0.9,0.0,0.0,-0.9999999999999999,0.7047877311706543
